0|Metal|Tasty
1|Wooden|Ergonomic
1|Fresh|Gorgeous
2|Granite|Generic
3|Steel|Practical
3|Soft|Generic
4|Cotton|Tasty
5|Rubber|Practical
5|Metal|Licensed
6|Granite|Practical
6|Steel|Tasty
7|Concrete|Refined
8|Metal|Ergonomic
8|Plastic|Awesome
9|Rubber|Fantastic
10|Steel|Refined
10|Cotton|Refined
11|Plastic|Handcrafted
12|Rubber|Intelligent
13|Granite|Refined
13|Concrete|Handcrafted
14|Steel|Gorgeous
15|Wooden|Intelligent
16|Fresh|Intelligent
16|Concrete|Gorgeous
17|Concrete|Practical
17|Granite|Tasty
18|Concrete|Intelligent
19|Frozen|Refined
20|Plastic|Refined
20|Steel|Intelligent
21|Cotton|Generic
21|Granite|Handcrafted
22|Wooden|Gorgeous
23|Soft|Refined
23|Cotton|Sleek
24|Steel|Tasty
24|Concrete|Practical
25|Wooden|Sleek
25|Frozen|Handmade
26|Rubber|Intelligent
27|Soft|Handcrafted
27|Frozen|Rustic
28|Cotton|Handmade
29|Soft|Rustic
29|Plastic|Tasty
30|Steel|Sleek
31|Cotton|Rustic
31|Granite|Unbranded
32|Cotton|Sleek
33|Frozen|Fantastic
34|Concrete|Practical
35|Wooden|Awesome
35|Rubber|Ergonomic
36|Plastic|Intelligent
36|Concrete|Rustic
37|Fresh|Generic
38|Cotton|Sleek
38|Steel|Generic
39|Frozen|Handcrafted
39|Metal|Handmade
40|Concrete|Tasty
41|Metal|Refined
42|Steel|Rustic
42|Frozen|Ergonomic
43|Fresh|Fantastic
43|Granite|Generic
44|Concrete|Generic
45|Steel|Gorgeous
45|Fresh|Intelligent
46|Cotton|Incredible
47|Cotton|Incredible
47|Fresh|Generic
48|Steel|Gorgeous
49|Metal|Sleek
50|Fresh|Handmade
51|Soft|Handcrafted
52|Granite|Handmade
53|Frozen|Licensed
54|Soft|Ergonomic
55|Frozen|Tasty
56|Rubber|Sleek
57|Soft|Gorgeous
58|Cotton|Licensed
59|Concrete|Unbranded
60|Fresh|Handmade
60|Fresh|Rustic
61|Steel|Licensed
62|Concrete|Unbranded
62|Rubber|Licensed
63|Cotton|Fantastic
63|Rubber|Incredible
64|Soft|Generic
65|Rubber|Intelligent
66|Plastic|Ergonomic
66|Plastic|Tasty
67|Concrete|Awesome
67|Fresh|Gorgeous
68|Metal|Refined
68|Cotton|Unbranded
69|Plastic|Licensed
70|Metal|Refined
70|Plastic|Handcrafted
71|Steel|Licensed
71|Steel|Unbranded
72|Frozen|Awesome
72|Rubber|Handcrafted
73|Plastic|Rustic
73|Fresh|Rustic
74|Cotton|Ergonomic
74|Fresh|Small
75|Frozen|Ergonomic
76|Steel|Handcrafted
76|Concrete|Unbranded
77|Frozen|Gorgeous
77|Frozen|Handcrafted
78|Granite|Gorgeous
78|Steel|Handmade
79|Concrete|Generic
79|Soft|Refined
80|Soft|Fantastic
81|Soft|Handcrafted
82|Cotton|Small
83|Cotton|Intelligent
83|Steel|Rustic
84|Frozen|Ergonomic
85|Granite|Intelligent
85|Fresh|Ergonomic
86|Concrete|Incredible
86|Plastic|Intelligent
87|Soft|Small
88|Fresh|Ergonomic
89|Concrete|Sleek
90|Plastic|Unbranded
91|Concrete|Sleek
91|Metal|Tasty
92|Fresh|Generic
93|Granite|Handmade
93|Steel|Refined
94|Cotton|Incredible
95|Steel|Refined
95|Steel|Awesome
96|Steel|Sleek
97|Wooden|Ergonomic
98|Metal|Awesome
98|Frozen|Awesome
99|Soft|Unbranded
100|Steel|Incredible
100|Granite|Ergonomic
