0|1|Rustic Fresh Pants|$869.00|$298.00|1
0|2|Rustic Concrete Towels|$739.00|$107.00|0
1|1|Handmade Soft Gloves|$1000.00|$78.00|1
1|2|Handcrafted Soft Cheese|$873.00|$270.00|0
2|1|Unbranded Fresh Towels|$727.00|$477.00|1
2|2|Small Rubber Chicken|$934.00|$130.00|0
3|1|Gorgeous Granite Chips|$982.00|$352.00|1
3|2|Handcrafted Frozen Shirt|$854.00|$190.00|0
4|1|Intelligent Steel Chair|$575.00|$112.00|1
4|2|Ergonomic Plastic Chicken|$843.00|$57.00|0
5|1|Small Concrete Tuna|$543.00|$307.00|1
5|2|Refined Cotton Sausages|$700.00|$196.00|0
6|1|Unbranded Frozen Ball|$867.00|$365.00|1
6|2|Sleek Steel Car|$517.00|$90.00|0
7|1|Ergonomic Frozen Hat|$555.00|$48.00|1
7|2|Gorgeous Concrete Chips|$899.00|$71.00|0
8|1|Unbranded Frozen Mouse|$894.00|$285.00|1
8|2|Licensed Fresh Towels|$796.00|$274.00|0
9|1|Tasty Frozen Salad|$714.00|$75.00|1
9|2|Intelligent Soft Towels|$561.00|$180.00|0
10|1|Tasty Steel Chair|$937.00|$287.00|1
10|2|Rustic Rubber Computer|$669.00|$310.00|0
11|1|Awesome Metal Towels|$625.00|$149.00|1
11|2|Incredible Plastic Chips|$740.00|$468.00|0
12|1|Licensed Plastic Shoes|$806.00|$325.00|1
12|2|Unbranded Granite Table|$633.00|$416.00|0
13|1|Ergonomic Steel Table|$645.00|$89.00|1
13|2|Rustic Rubber Chips|$599.00|$100.00|0
14|1|Refined Fresh Chicken|$551.00|$322.00|1
14|2|Practical Steel Car|$923.00|$302.00|0
15|1|Awesome Plastic Pants|$664.00|$464.00|1
15|2|Unbranded Steel Chicken|$862.00|$307.00|0
16|1|Sleek Steel Chicken|$912.00|$229.00|1
16|2|Unbranded Granite Shoes|$583.00|$323.00|0
17|1|Refined Steel Sausages|$836.00|$349.00|1
17|2|Gorgeous Metal Tuna|$965.00|$406.00|0
18|1|Licensed Granite Sausages|$914.00|$60.00|1
18|2|Refined Fresh Bike|$667.00|$87.00|0
19|1|Ergonomic Granite Tuna|$898.00|$40.00|1
19|2|Practical Steel Shoes|$648.00|$65.00|0
20|1|Licensed Cotton Keyboard|$570.00|$170.00|1
20|2|Practical Cotton Chicken|$887.00|$42.00|0
21|1|Practical Frozen Chicken|$834.00|$233.00|1
21|2|Licensed Wooden Salad|$598.00|$31.00|0
22|1|Practical Frozen Towels|$649.00|$459.00|1
22|2|Practical Plastic Chair|$887.00|$253.00|0
23|1|Fantastic Plastic Bike|$527.00|$169.00|1
23|2|Gorgeous Metal Shirt|$737.00|$181.00|0
24|1|Ergonomic Wooden Towels|$750.00|$497.00|1
24|2|Refined Rubber Ball|$699.00|$81.00|0
25|1|Licensed Steel Pizza|$676.00|$110.00|1
25|2|Sleek Soft Chicken|$980.00|$268.00|0
26|1|Tasty Concrete Fish|$627.00|$257.00|1
26|2|Licensed Metal Chicken|$939.00|$89.00|0
27|1|Handmade Fresh Bacon|$875.00|$91.00|1
27|2|Fantastic Rubber Ball|$846.00|$360.00|0
28|1|Licensed Soft Ball|$596.00|$447.00|1
28|2|Rustic Concrete Salad|$515.00|$268.00|0
29|1|Handmade Plastic Chicken|$501.00|$373.00|1
29|2|Intelligent Cotton Ball|$688.00|$176.00|0
30|1|Incredible Metal Bike|$921.00|$405.00|1
30|2|Refined Steel Keyboard|$718.00|$267.00|0
31|1|Handcrafted Plastic Sausages|$739.00|$141.00|1
31|2|Refined Rubber Shoes|$816.00|$450.00|0
32|1|Unbranded Metal Bacon|$902.00|$216.00|1
32|2|Unbranded Granite Keyboard|$856.00|$22.00|0
33|1|Awesome Rubber Keyboard|$681.00|$394.00|1
33|2|Rustic Wooden Car|$631.00|$428.00|0
34|1|Handcrafted Frozen Tuna|$872.00|$265.00|1
34|2|Handmade Rubber Bacon|$622.00|$166.00|0
35|1|Practical Concrete Computer|$843.00|$299.00|1
35|2|Ergonomic Wooden Bacon|$595.00|$229.00|0
36|1|Fantastic Cotton Shirt|$717.00|$490.00|1
36|2|Practical Metal Cheese|$594.00|$176.00|0
37|1|Generic Frozen Hat|$699.00|$65.00|1
37|2|Gorgeous Plastic Fish|$956.00|$296.00|0
38|1|Small Cotton Hat|$957.00|$79.00|1
38|2|Ergonomic Rubber Sausages|$598.00|$470.00|0
39|1|Small Cotton Salad|$969.00|$208.00|1
39|2|Tasty Frozen Ball|$810.00|$382.00|0
40|1|Refined Wooden Hat|$833.00|$46.00|1
40|2|Gorgeous Granite Car|$893.00|$130.00|0
41|1|Awesome Steel Table|$731.00|$414.00|1
41|2|Rustic Soft Fish|$674.00|$369.00|0
42|1|Ergonomic Frozen Pizza|$749.00|$130.00|1
42|2|Refined Plastic Car|$875.00|$102.00|0
43|1|Tasty Frozen Ball|$616.00|$354.00|1
43|2|Licensed Plastic Fish|$915.00|$382.00|0
44|1|Fantastic Wooden Mouse|$813.00|$254.00|1
44|2|Tasty Wooden Ball|$783.00|$468.00|0
45|1|Handmade Concrete Sausages|$881.00|$325.00|1
45|2|Gorgeous Fresh Tuna|$505.00|$319.00|0
46|1|Rustic Metal Fish|$818.00|$430.00|1
46|2|Small Metal Pants|$884.00|$128.00|0
47|1|Gorgeous Frozen Shirt|$505.00|$304.00|1
47|2|Tasty Concrete Salad|$792.00|$310.00|0
48|1|Handmade Plastic Pants|$1000.00|$19.00|1
48|2|Unbranded Metal Tuna|$510.00|$362.00|0
49|1|Handmade Cotton Tuna|$651.00|$339.00|1
49|2|Refined Soft Soap|$505.00|$13.00|0
50|1|Incredible Steel Sausages|$629.00|$181.00|1
50|2|Handmade Cotton Towels|$764.00|$137.00|0
51|1|Fantastic Concrete Fish|$645.00|$205.00|1
51|2|Licensed Fresh Pizza|$828.00|$283.00|0
52|1|Small Steel Chair|$621.00|$372.00|1
52|2|Handmade Metal Chicken|$923.00|$301.00|0
53|1|Generic Rubber Shoes|$546.00|$265.00|1
53|2|Rustic Wooden Gloves|$765.00|$117.00|0
54|1|Handcrafted Wooden Keyboard|$958.00|$75.00|1
54|2|Incredible Cotton Bacon|$647.00|$153.00|0
55|1|Rustic Granite Sausages|$806.00|$8.00|1
55|2|Sleek Plastic Mouse|$712.00|$78.00|0
56|1|Awesome Soft Salad|$653.00|$410.00|1
56|2|Fantastic Soft Hat|$812.00|$483.00|0
57|1|Handcrafted Wooden Chair|$640.00|$339.00|1
57|2|Gorgeous Wooden Bike|$972.00|$329.00|0
58|1|Rustic Frozen Computer|$564.00|$216.00|1
58|2|Practical Concrete Mouse|$576.00|$386.00|0
59|1|Licensed Plastic Keyboard|$650.00|$301.00|1
59|2|Gorgeous Rubber Fish|$571.00|$422.00|0
60|1|Sleek Frozen Tuna|$579.00|$146.00|1
60|2|Awesome Cotton Ball|$629.00|$466.00|0
61|1|Fantastic Soft Computer|$731.00|$10.00|1
61|2|Practical Metal Cheese|$766.00|$129.00|0
62|1|Unbranded Metal Chips|$975.00|$228.00|1
62|2|Sleek Frozen Soap|$783.00|$254.00|0
63|1|Fantastic Rubber Soap|$728.00|$369.00|1
63|2|Fantastic Steel Chips|$612.00|$10.00|0
64|1|Handmade Wooden Cheese|$596.00|$350.00|1
64|2|Awesome Concrete Pizza|$512.00|$384.00|0
65|1|Practical Frozen Pants|$770.00|$483.00|1
65|2|Intelligent Soft Tuna|$893.00|$203.00|0
66|1|Ergonomic Plastic Pants|$864.00|$152.00|1
66|2|Licensed Plastic Tuna|$689.00|$406.00|0
67|1|Intelligent Rubber Chips|$800.00|$193.00|1
67|2|Gorgeous Rubber Table|$899.00|$407.00|0
68|1|Small Metal Bike|$950.00|$257.00|1
68|2|Awesome Concrete Bacon|$806.00|$96.00|0
69|1|Gorgeous Granite Tuna|$872.00|$425.00|1
69|2|Small Plastic Salad|$658.00|$107.00|0
70|1|Rustic Rubber Soap|$794.00|$98.00|1
70|2|Licensed Frozen Salad|$946.00|$112.00|0
71|1|Unbranded Fresh Ball|$855.00|$46.00|1
71|2|Sleek Metal Soap|$809.00|$192.00|0
72|1|Fantastic Wooden Table|$806.00|$49.00|1
72|2|Practical Steel Soap|$519.00|$199.00|0
73|1|Handmade Granite Sausages|$569.00|$374.00|1
73|2|Incredible Wooden Pants|$884.00|$450.00|0
74|1|Generic Rubber Tuna|$945.00|$86.00|1
74|2|Sleek Granite Hat|$683.00|$299.00|0
75|1|Fantastic Plastic Mouse|$742.00|$398.00|1
75|2|Refined Plastic Pants|$738.00|$13.00|0
76|1|Small Plastic Hat|$753.00|$190.00|1
76|2|Awesome Metal Bacon|$818.00|$267.00|0
77|1|Practical Frozen Gloves|$768.00|$278.00|1
77|2|Rustic Frozen Towels|$722.00|$493.00|0
78|1|Intelligent Cotton Soap|$660.00|$172.00|1
78|2|Licensed Plastic Salad|$617.00|$211.00|0
79|1|Incredible Steel Cheese|$574.00|$182.00|1
79|2|Refined Granite Bike|$689.00|$480.00|0
80|1|Refined Wooden Hat|$778.00|$446.00|1
80|2|Generic Granite Gloves|$861.00|$183.00|0
81|1|Tasty Wooden Shirt|$750.00|$132.00|1
81|2|Fantastic Wooden Salad|$753.00|$158.00|0
82|1|Tasty Rubber Soap|$957.00|$168.00|1
82|2|Incredible Plastic Soap|$589.00|$434.00|0
83|1|Licensed Frozen Keyboard|$977.00|$176.00|1
83|2|Handcrafted Metal Bike|$827.00|$366.00|0
84|1|Intelligent Granite Ball|$555.00|$323.00|1
84|2|Tasty Rubber Table|$649.00|$397.00|0
85|1|Handmade Wooden Sausages|$598.00|$74.00|1
85|2|Handcrafted Soft Cheese|$925.00|$86.00|0
86|1|Practical Granite Salad|$906.00|$408.00|1
86|2|Generic Frozen Fish|$549.00|$43.00|0
87|1|Unbranded Rubber Chips|$696.00|$293.00|1
87|2|Unbranded Concrete Bacon|$844.00|$186.00|0
88|1|Refined Metal Shirt|$817.00|$442.00|1
88|2|Unbranded Cotton Pants|$533.00|$284.00|0
89|1|Ergonomic Concrete Pants|$757.00|$490.00|1
89|2|Awesome Fresh Gloves|$620.00|$79.00|0
90|1|Gorgeous Rubber Car|$673.00|$301.00|1
90|2|Rustic Fresh Chicken|$995.00|$39.00|0
91|1|Handcrafted Steel Towels|$663.00|$288.00|1
91|2|Gorgeous Concrete Hat|$678.00|$36.00|0
92|1|Incredible Granite Fish|$554.00|$208.00|1
92|2|Sleek Metal Cheese|$528.00|$409.00|0
93|1|Handmade Rubber Bacon|$854.00|$336.00|1
93|2|Unbranded Metal Pizza|$813.00|$254.00|0
94|1|Unbranded Fresh Soap|$662.00|$38.00|1
94|2|Fantastic Soft Cheese|$679.00|$47.00|0
95|1|Incredible Steel Towels|$735.00|$406.00|1
95|2|Handmade Cotton Keyboard|$800.00|$11.00|0
96|1|Practical Plastic Fish|$517.00|$370.00|1
96|2|Intelligent Fresh Ball|$762.00|$91.00|0
97|1|Handcrafted Frozen Shirt|$638.00|$495.00|1
97|2|Handcrafted Steel Sausages|$882.00|$188.00|0
98|1|Refined Plastic Bike|$915.00|$89.00|1
98|2|Practical Steel Towels|$985.00|$406.00|0
99|1|Unbranded Metal Hat|$810.00|$465.00|1
99|2|Fantastic Concrete Ball|$975.00|$339.00|0
