1|Frozen|Small
1|Granite|Fantastic
2|Granite|Fantastic
2|Soft|Rustic
3|Cotton|Awesome
4|Cotton|Licensed
4|Metal|Awesome
5|Soft|Gorgeous
5|Metal|Rustic
6|Frozen|Intelligent
7|Granite|Rustic
8|Rubber|Practical
9|Frozen|Practical
9|Granite|Small
10|Steel|Practical
10|Concrete|Generic
11|Soft|Unbranded
12|Wooden|Generic
12|Soft|Sleek
13|Concrete|Handcrafted
14|Cotton|Ergonomic
15|Wooden|Refined
16|Concrete|Tasty
17|Frozen|Handcrafted
18|Steel|Incredible
18|Wooden|Fantastic
19|Cotton|Sleek
19|Frozen|Generic
20|Frozen|Licensed
20|Rubber|Generic
21|Frozen|Sleek
22|Cotton|Fantastic
22|Cotton|Fantastic
23|Granite|Licensed
24|Frozen|Small
25|Rubber|Awesome
25|Frozen|Refined
26|Cotton|Tasty
27|Wooden|Licensed
27|Frozen|Practical
28|Plastic|Fantastic
28|Concrete|Generic
29|Rubber|Ergonomic
30|Granite|Gorgeous
31|Frozen|Handmade
31|Steel|Licensed
32|Metal|Gorgeous
32|Concrete|Rustic
33|Wooden|Rustic
34|Steel|Rustic
35|Metal|Unbranded
35|Metal|Awesome
36|Plastic|Gorgeous
37|Steel|Awesome
37|Granite|Intelligent
38|Steel|Intelligent
38|Granite|Small
39|Metal|Refined
40|Steel|Handcrafted
41|Metal|Practical
41|Frozen|Licensed
42|Wooden|Awesome
42|Rubber|Incredible
43|Granite|Licensed
43|Fresh|Intelligent
44|Rubber|Practical
45|Metal|Practical
46|Cotton|Awesome
47|Granite|Practical
48|Wooden|Intelligent
48|Fresh|Sleek
49|Cotton|Unbranded
50|Wooden|Small
50|Soft|Gorgeous
51|Cotton|Small
52|Soft|Ergonomic
52|Metal|Licensed
53|Steel|Gorgeous
54|Wooden|Gorgeous
55|Frozen|Generic
55|Fresh|Refined
56|Plastic|Practical
56|Granite|Awesome
57|Fresh|Gorgeous
58|Frozen|Handmade
59|Rubber|Fantastic
60|Frozen|Licensed
60|Cotton|Small
61|Plastic|Gorgeous
61|Granite|Licensed
62|Cotton|Generic
62|Cotton|Handmade
63|Soft|Small
63|Concrete|Rustic
64|Rubber|Gorgeous
64|Concrete|Rustic
65|Granite|Rustic
65|Concrete|Generic
66|Frozen|Unbranded
66|Rubber|Incredible
67|Steel|Ergonomic
67|Wooden|Fantastic
68|Wooden|Practical
68|Granite|Refined
69|Granite|Handmade
70|Granite|Awesome
70|Cotton|Refined
71|Concrete|Incredible
72|Granite|Rustic
72|Soft|Tasty
73|Soft|Handcrafted
73|Fresh|Sleek
74|Rubber|Refined
74|Metal|Unbranded
75|Concrete|Handcrafted
75|Soft|Unbranded
76|Rubber|Gorgeous
76|Granite|Handmade
77|Wooden|Rustic
77|Granite|Fantastic
78|Metal|Small
78|Plastic|Generic
79|Soft|Practical
79|Steel|Awesome
80|Concrete|Sleek
81|Frozen|Fantastic
81|Wooden|Rustic
82|Concrete|Ergonomic
83|Concrete|Handmade
83|Concrete|Incredible
84|Plastic|Practical
84|Plastic|Refined
85|Cotton|Rustic
86|Rubber|Rustic
86|Rubber|Tasty
87|Cotton|Gorgeous
88|Soft|Awesome
88|Soft|Handmade
89|Frozen|Fantastic
90|Frozen|Sleek
90|Steel|Generic
91|Concrete|Handcrafted
92|Soft|Handmade
93|Plastic|Unbranded
94|Granite|Incredible
94|Soft|Handmade
95|Metal|Generic
95|Fresh|Rustic
96|Fresh|Practical
96|Rubber|Intelligent
97|Frozen|Practical
98|Concrete|Awesome
99|Granite|Licensed
100|Soft|Gorgeous
