1|1|Gorgeous Soft Shirt|$561.00|$131.00|1
1|2|Incredible Granite Keyboard|$583.00|$224.00|0
2|1|Ergonomic Plastic Pants|$924.00|$430.00|1
2|2|Refined Plastic Computer|$616.00|$260.00|0
3|1|Licensed Granite Bike|$661.00|$315.00|1
3|2|Ergonomic Frozen Chair|$790.00|$315.00|0
4|1|Awesome Granite Bacon|$975.00|$433.00|1
4|2|Licensed Cotton Ball|$661.00|$58.00|0
5|1|Fantastic Granite Salad|$897.00|$282.00|1
5|2|Unbranded Wooden Mouse|$684.00|$457.00|0
6|1|Unbranded Frozen Bacon|$964.00|$246.00|1
6|2|Handmade Metal Keyboard|$662.00|$30.00|0
7|1|Rustic Fresh Keyboard|$724.00|$444.00|1
7|2|Handcrafted Granite Mouse|$759.00|$437.00|0
8|1|Unbranded Concrete Chair|$909.00|$139.00|1
8|2|Handmade Wooden Soap|$723.00|$53.00|0
9|1|Awesome Rubber Shirt|$506.00|$221.00|1
9|2|Handcrafted Wooden Chair|$823.00|$437.00|0
10|1|Handmade Granite Car|$847.00|$401.00|1
10|2|Incredible Plastic Pizza|$693.00|$324.00|0
11|1|Small Steel Chips|$672.00|$261.00|1
11|2|Sleek Wooden Hat|$669.00|$69.00|0
12|1|Handcrafted Metal Gloves|$885.00|$384.00|1
12|2|Incredible Metal Shirt|$846.00|$313.00|0
13|1|Unbranded Metal Gloves|$660.00|$265.00|1
13|2|Incredible Concrete Computer|$750.00|$499.00|0
14|1|Practical Concrete Bacon|$528.00|$41.00|1
14|2|Rustic Rubber Chicken|$782.00|$315.00|0
15|1|Intelligent Metal Gloves|$617.00|$188.00|1
15|2|Handcrafted Wooden Pizza|$560.00|$444.00|0
16|1|Incredible Steel Chicken|$953.00|$313.00|1
16|2|Ergonomic Fresh Pants|$779.00|$468.00|0
17|1|Unbranded Steel Chips|$988.00|$134.00|1
17|2|Handcrafted Cotton Chips|$788.00|$215.00|0
18|1|Handmade Frozen Gloves|$942.00|$66.00|1
18|2|Awesome Rubber Ball|$825.00|$492.00|0
19|1|Practical Wooden Bacon|$551.00|$149.00|1
19|2|Ergonomic Soft Tuna|$672.00|$361.00|0
20|1|Refined Metal Shoes|$544.00|$113.00|1
20|2|Incredible Frozen Computer|$749.00|$122.00|0
21|1|Generic Wooden Pants|$634.00|$58.00|1
21|2|Generic Concrete Cheese|$832.00|$292.00|0
22|1|Generic Frozen Towels|$563.00|$3.00|1
22|2|Ergonomic Plastic Cheese|$947.00|$149.00|0
23|1|Tasty Concrete Cheese|$663.00|$423.00|1
23|2|Sleek Wooden Shirt|$996.00|$313.00|0
24|1|Unbranded Wooden Bacon|$874.00|$461.00|1
24|2|Small Frozen Keyboard|$555.00|$337.00|0
25|1|Handcrafted Cotton Fish|$569.00|$167.00|1
25|2|Tasty Wooden Pizza|$833.00|$381.00|0
26|1|Generic Fresh Soap|$547.00|$117.00|1
26|2|Handcrafted Granite Car|$681.00|$273.00|0
27|1|Intelligent Frozen Pants|$592.00|$25.00|1
27|2|Awesome Frozen Tuna|$523.00|$316.00|0
28|1|Licensed Soft Chips|$838.00|$235.00|1
28|2|Fantastic Granite Chips|$901.00|$242.00|0
29|1|Small Granite Shoes|$593.00|$388.00|1
29|2|Handmade Cotton Fish|$730.00|$51.00|0
30|1|Generic Plastic Chair|$815.00|$467.00|1
30|2|Practical Granite Chicken|$709.00|$300.00|0
31|1|Handcrafted Plastic Chair|$582.00|$309.00|1
31|2|Ergonomic Plastic Chips|$634.00|$91.00|0
32|1|Gorgeous Cotton Car|$655.00|$168.00|1
32|2|Incredible Steel Towels|$743.00|$133.00|0
33|1|Practical Concrete Hat|$980.00|$152.00|1
33|2|Sleek Cotton Pizza|$657.00|$414.00|0
34|1|Sleek Wooden Cheese|$966.00|$471.00|1
34|2|Ergonomic Wooden Fish|$851.00|$428.00|0
35|1|Sleek Steel Bike|$827.00|$229.00|1
35|2|Intelligent Steel Keyboard|$838.00|$249.00|0
36|1|Unbranded Soft Hat|$958.00|$312.00|1
36|2|Ergonomic Cotton Pants|$678.00|$82.00|0
37|1|Awesome Granite Shirt|$724.00|$482.00|1
37|2|Handcrafted Plastic Chips|$907.00|$68.00|0
38|1|Awesome Plastic Shoes|$534.00|$343.00|1
38|2|Incredible Granite Fish|$523.00|$155.00|0
39|1|Licensed Steel Sausages|$578.00|$470.00|1
39|2|Gorgeous Concrete Shoes|$817.00|$473.00|0
40|1|Generic Granite Sausages|$938.00|$276.00|1
40|2|Handcrafted Frozen Tuna|$567.00|$294.00|0
41|1|Tasty Soft Chicken|$565.00|$343.00|1
41|2|Practical Metal Computer|$952.00|$359.00|0
42|1|Awesome Soft Bacon|$609.00|$137.00|1
42|2|Handcrafted Wooden Soap|$889.00|$217.00|0
43|1|Incredible Steel Keyboard|$882.00|$419.00|1
43|2|Generic Granite Tuna|$704.00|$388.00|0
44|1|Handcrafted Fresh Shoes|$825.00|$28.00|1
44|2|Handcrafted Steel Soap|$799.00|$173.00|0
45|1|Fantastic Fresh Chair|$527.00|$134.00|1
45|2|Gorgeous Granite Bacon|$599.00|$39.00|0
46|1|Handmade Plastic Gloves|$579.00|$453.00|1
46|2|Handmade Soft Fish|$783.00|$318.00|0
47|1|Ergonomic Steel Towels|$746.00|$328.00|1
47|2|Unbranded Steel Car|$699.00|$465.00|0
48|1|Fantastic Fresh Keyboard|$593.00|$398.00|1
48|2|Gorgeous Cotton Gloves|$513.00|$197.00|0
49|1|Sleek Plastic Salad|$968.00|$460.00|1
49|2|Gorgeous Cotton Tuna|$580.00|$3.00|0
50|1|Tasty Plastic Hat|$759.00|$64.00|1
50|2|Practical Metal Salad|$536.00|$155.00|0
51|1|Licensed Metal Pants|$643.00|$50.00|1
51|2|Fantastic Soft Towels|$623.00|$127.00|0
52|1|Practical Fresh Computer|$558.00|$98.00|1
52|2|Handmade Soft Sausages|$994.00|$246.00|0
53|1|Practical Rubber Shoes|$839.00|$191.00|1
53|2|Refined Metal Tuna|$528.00|$15.00|0
54|1|Handmade Plastic Chicken|$615.00|$470.00|1
54|2|Generic Cotton Pizza|$653.00|$272.00|0
55|1|Sleek Fresh Hat|$842.00|$236.00|1
55|2|Refined Cotton Bacon|$683.00|$220.00|0
56|1|Incredible Soft Bacon|$542.00|$178.00|1
56|2|Ergonomic Metal Chair|$639.00|$470.00|0
57|1|Awesome Steel Pizza|$727.00|$316.00|1
57|2|Handcrafted Steel Bacon|$609.00|$463.00|0
58|1|Rustic Steel Chicken|$824.00|$346.00|1
58|2|Refined Soft Towels|$614.00|$335.00|0
59|1|Awesome Cotton Hat|$517.00|$479.00|1
59|2|Sleek Rubber Gloves|$577.00|$467.00|0
60|1|Unbranded Rubber Cheese|$980.00|$25.00|1
60|2|Fantastic Steel Pants|$883.00|$100.00|0
61|1|Handmade Rubber Fish|$641.00|$429.00|1
61|2|Refined Granite Bacon|$776.00|$126.00|0
62|1|Tasty Wooden Sausages|$520.00|$429.00|1
62|2|Unbranded Rubber Mouse|$963.00|$386.00|0
63|1|Tasty Rubber Cheese|$728.00|$4.00|1
63|2|Handcrafted Granite Gloves|$928.00|$228.00|0
64|1|Gorgeous Steel Soap|$763.00|$42.00|1
64|2|Handmade Cotton Salad|$719.00|$143.00|0
65|1|Intelligent Concrete Cheese|$873.00|$299.00|1
65|2|Handmade Concrete Car|$684.00|$346.00|0
66|1|Handmade Fresh Hat|$734.00|$122.00|1
66|2|Awesome Frozen Table|$883.00|$139.00|0
67|1|Tasty Plastic Pizza|$823.00|$319.00|1
67|2|Generic Metal Sausages|$854.00|$375.00|0
68|1|Licensed Wooden Pizza|$586.00|$137.00|1
68|2|Gorgeous Frozen Table|$893.00|$150.00|0
69|1|Fantastic Metal Bacon|$872.00|$59.00|1
69|2|Generic Concrete Pants|$862.00|$257.00|0
70|1|Awesome Fresh Towels|$754.00|$141.00|1
70|2|Intelligent Concrete Computer|$870.00|$287.00|0
71|1|Gorgeous Concrete Shirt|$841.00|$323.00|1
71|2|Licensed Steel Pants|$605.00|$279.00|0
72|1|Incredible Wooden Chair|$669.00|$483.00|1
72|2|Incredible Metal Chips|$542.00|$19.00|0
73|1|Gorgeous Concrete Gloves|$831.00|$62.00|1
73|2|Ergonomic Concrete Chips|$724.00|$175.00|0
74|1|Refined Metal Computer|$788.00|$204.00|1
74|2|Incredible Fresh Mouse|$822.00|$76.00|0
75|1|Small Metal Salad|$702.00|$493.00|1
75|2|Fantastic Plastic Shoes|$974.00|$391.00|0
76|1|Handcrafted Cotton Chicken|$854.00|$456.00|1
76|2|Intelligent Frozen Pants|$694.00|$24.00|0
77|1|Unbranded Wooden Pants|$645.00|$453.00|1
77|2|Ergonomic Metal Gloves|$923.00|$182.00|0
78|1|Gorgeous Cotton Sausages|$758.00|$87.00|1
78|2|Generic Wooden Chair|$528.00|$162.00|0
79|1|Awesome Plastic Soap|$583.00|$145.00|1
79|2|Tasty Frozen Pants|$633.00|$462.00|0
80|1|Refined Fresh Hat|$778.00|$32.00|1
80|2|Sleek Plastic Pizza|$533.00|$225.00|0
81|1|Rustic Cotton Soap|$598.00|$74.00|1
81|2|Generic Plastic Car|$769.00|$169.00|0
82|1|Licensed Cotton Sausages|$615.00|$118.00|1
82|2|Ergonomic Plastic Gloves|$598.00|$424.00|0
83|1|Sleek Concrete Pizza|$953.00|$353.00|1
83|2|Rustic Metal Soap|$789.00|$419.00|0
84|1|Handcrafted Rubber Shirt|$730.00|$461.00|1
84|2|Awesome Plastic Bike|$524.00|$82.00|0
85|1|Sleek Rubber Shoes|$767.00|$170.00|1
85|2|Generic Frozen Pizza|$629.00|$137.00|0
86|1|Fantastic Frozen Ball|$932.00|$340.00|1
86|2|Practical Cotton Shoes|$856.00|$487.00|0
87|1|Refined Frozen Bike|$607.00|$38.00|1
87|2|Fantastic Steel Chicken|$547.00|$4.00|0
88|1|Small Wooden Fish|$753.00|$360.00|1
88|2|Awesome Fresh Table|$783.00|$62.00|0
89|1|Refined Metal Salad|$771.00|$8.00|1
89|2|Rustic Steel Pizza|$728.00|$410.00|0
90|1|Unbranded Steel Keyboard|$617.00|$411.00|1
90|2|Practical Rubber Cheese|$748.00|$410.00|0
91|1|Handmade Steel Computer|$1000.00|$147.00|1
91|2|Intelligent Soft Fish|$946.00|$179.00|0
92|1|Sleek Soft Pants|$556.00|$84.00|1
92|2|Licensed Steel Hat|$885.00|$301.00|0
93|1|Small Frozen Salad|$978.00|$264.00|1
93|2|Small Granite Chicken|$902.00|$356.00|0
94|1|Rustic Frozen Chicken|$761.00|$391.00|1
94|2|Generic Concrete Chips|$811.00|$146.00|0
95|1|Handcrafted Wooden Table|$897.00|$61.00|1
95|2|Tasty Frozen Towels|$964.00|$380.00|0
96|1|Generic Soft Cheese|$875.00|$363.00|1
96|2|Generic Rubber Car|$782.00|$60.00|0
97|1|Unbranded Fresh Hat|$735.00|$141.00|1
97|2|Licensed Steel Salad|$540.00|$389.00|0
98|1|Small Concrete Sausages|$625.00|$449.00|1
98|2|Small Concrete Salad|$738.00|$145.00|0
99|1|Refined Metal Keyboard|$998.00|$66.00|1
99|2|Intelligent Frozen Chicken|$515.00|$75.00|0
100|1|Gorgeous Granite Hat|$778.00|$327.00|1
100|2|Unbranded Cotton Salad|$918.00|$223.00|0
